<?xml version="1.0" encoding="UTF-8"?>
<includes>
    <variable name="Image_Background_Blur">
        <value condition="!String.IsEmpty(Container.ListItem.Art(fanart))">$INFO[Container.ListItem.Art(fanart)]</value>
        <value condition="!String.IsEmpty(Container.ListItem.Art(tvshow.fanart))">$INFO[Container.ListItem.Art(tvshow.fanart)]</value>
        <value condition="!String.IsEmpty(Container.ListItem.Art(artist.fanart))">$INFO[Container.ListItem.Art(artist.fanart)]</value>
        <value condition="!String.IsEmpty(Skin.String(fanart.fallback))">$INFO[Skin.String(fanart.fallback)]</value>
        <value>special://skin/extras/backgrounds/bg2.jpg</value>
    </variable>

    <variable name="Image_Foreground">
        <value condition="!String.IsEmpty(Container.ListItem.Art(fanart))">$INFO[Container.ListItem.Art(fanart)]</value>
        <value condition="!String.IsEmpty(Container.ListItem.Art(tvshow.fanart))">$INFO[Container.ListItem.Art(tvshow.fanart)]</value>
        <value condition="!String.IsEmpty(Container.ListItem.Art(artist.fanart))">$INFO[Container.ListItem.Art(artist.fanart)]</value>
        <value condition="!String.IsEmpty(Container.ListItem.Property(fanart))">$INFO[Container.ListItem.Property(fanart)]</value>
        <value condition="!String.IsEmpty(Skin.String(fanart.fallback))">$INFO[Skin.String(fanart.fallback)]</value>
        <value>special://skin/extras/backgrounds/bg2.jpg</value>
    </variable>
</includes>