<?xml version="1.0" encoding="UTF-8"?>
<includes>
    <include name="DialogVideoInfo">
        <include condition="Window.IsVisible(1193)">OSD_ExtendedInfo_Background</include>
        <control type="group">
            <top>view_top</top>
            <left>view_pad</left>
            <right>view_pad</right>
            <include>Object_Info_Arrows</include>
            <visible allowhiddenfocus="true">!$EXP[Exp_ShowPlotOverlay]</visible>
            <control type="grouplist" id="9000">
                <top>-15</top>
                <left>-15</left>
                <right>-15</right>
                <height>view_height</height>
                <orientation>vertical</orientation>
                <itemgap>0</itemgap>
                <control type="group" id="3000">
                    <height>view_height</height>
                    <control type="group">
                        <top>15</top>
                        <left>15</left>
                        <right>15</right>
                        <height>view_list_height</height>
                        <!-- Poster -->
                        <include content="View_50_Poster">
                            <param name="include" value="Animation_Left_Delay" />
                            <param name="visible" value="true" />
                            <param name="diffuse" value="diffuse/poster-big.png" />
                        </include>

                        <!-- Info -->
                        <control type="group">
                            <top>-15</top>
                            <left>580</left>
                            <include>Animation_Right_Delay</include>
                            <control type="grouplist">
                                <orientation>vertical</orientation>
                                <usecontrolcoords>true</usecontrolcoords>
                                <itemgap>0</itemgap>
                                <control type="group">
                                    <visible>!$EXP[Exp_HasClearlogo] | !Skin.HasSetting(EI_Clearlogo)</visible>
                                    <height>80</height>
                                    <include content="Object_Info_Title">
                                        <param name="label" value="$VAR[Label_OverlayTitle]" />
                                    </include>
                                </control>
                                <control type="group">
                                    <visible>$EXP[Exp_HasClearlogo] + Skin.HasSetting(EI_Clearlogo)</visible>
                                    <height>155</height>
                                    <control type="image">
                                        <width>620</width>
                                        <aspectratio align="left" aligny="center">keep</aspectratio>
                                        <texture background="true">$VAR[Image_Clearlogo]</texture>
                                    </control>
                                </control>
                                <include>Object_Info_Line</include>
                                <include content="Object_Ratings_Content">
                                    <param name="top" value="10" />
                                </include>
                                <include>Object_Info_Plot</include>
                                <include condition="!Window.IsVisible(1140)">Object_Info_Details</include>
                                <include condition="Window.IsVisible(1140)">Object_InfoSets_Details</include>
                            </control>
                            <include condition="!ListItem.IsCollection">Info_Button_Grouplist</include>
                            <include condition="ListItem.IsCollection">Info_Button_300</include>
                        </control>
                    </control>
                </control>

                <control type="group" id="4000">
                    <height>view_height</height>
                    <control type="grouplist" id="4100">
                        <top>-5</top>
                        <onup>300</onup>
                        <ondown>6000</ondown>
                        <height>view_height</height>
                        <orientation>vertical</orientation>
                        <itemgap>-52</itemgap>
                        <usecontrolcoords>true</usecontrolcoords>
                        <control type="group" id="7599"><height>0</height></control>
                        <!-- Cast -->
                        <include content="Info_Widget_Poster" condition="Skin.HasSetting(DisableExtendedInfo)">
                            <param name="id" value="50" />
                            <param name="groupid" value="5000" />
                            <param name="label" value="$LOCALIZE[206]" />
                            <param name="labelinclude" value="View_Cast_Label" />
                            <include>Defs_InfoList_OnClick</include>
                            <include>Defs_InfoList_OnBack</include>
                        </include>
                        <include content="Info_Widget_Poster" condition="!Skin.HasSetting(DisableExtendedInfo)">
                            <param name="id" value="50" />
                            <param name="groupid" value="5000" />
                            <param name="label" value="$LOCALIZE[206]" />
                            <param name="labelinclude" value="View_Cast_Label" />
                            <include>Defs_InfoList_OnClick</include>
                            <include>Defs_InfoList_OnBack</include>
                            <content target="videos">$VAR[Path_VideoInfo_OnlineCast]</content>
                        </include>

                        <!-- Collection / Sets -->
                        <include content="Info_Widget_Poster" condition="Skin.HasSetting(DisableExtendedInfo) + !Skin.HasSetting(DisableInfoListSets) + String.IsEqual(ListItem.DBType,movie)">
                            <param name="id" value="5001" />
                            <param name="groupid" value="7501" />
                            <param name="label" value="$VAR[Label_SetName]" />
                            <include>Defs_InfoList_OnClick</include>
                            <include>Defs_InfoList_OnBack</include>
                            <content>$VAR[Def_Set_List]</content>
                        </include>
                        <include content="Info_Widget_Poster" condition="!Skin.HasSetting(DisableExtendedInfo) + !Skin.HasSetting(DisableInfoListSets) + String.IsEqual(ListItem.DBType,movie)">
                            <param name="id" value="5001" />
                            <param name="groupid" value="7501" />
                            <param name="label" value="$INFO[Window(Home).Property(TMDbHelper.ListItem.Set.Name)]" />
                            <include>Defs_InfoList_OnClick</include>
                            <include>Defs_InfoList_OnBack</include>
                            <content>$VAR[Path_VideoInfo_OnlineCollection]</content>
                        </include>

                        <!-- 1140 Set Cast -->
                        <include content="Info_Widget_Poster" condition="Window.IsVisible(1140)">
                            <param name="id" value="5077" />
                            <param name="groupid" value="7577" />
                            <param name="labelinclude" value="View_Cast_Label" />
                            <param name="label" value="$INFO[Container(5001).ListItem.Label,Cast of ,]" />
                            <onclick condition="Skin.HasSetting(DisableExtendedInfo)">SetFocus(50)</onclick>
                            <onclick>SetFocus(5000)</onclick>
                            <onclick>SetFocus(300)</onclick>
                            <onclick>RunScript(plugin.video.themoviedb.helper,add_query=$INFO[Container(5077).ListItem.Label],type=person,call_auto=1190)</onclick>
                            <include>Defs_InfoList_OnBack</include>
                            <visible>!String.IsEmpty(Container(5001).ListItem.Property(tmdb_id)) + !Container(5001).IsUpdating</visible>
                            <content limit="25" target="videos">$VAR[Def_Cast_List]</content>
                        </include>

                        <!-- NextUp -->
                        <include content="Info_Widget_Poster" condition="!Skin.HasSetting(DisableInfoListNextUp) + [String.IsEqual(ListItem.DBTYPE,tvshow) | String.IsEqual(ListItem.DBTYPE,season)]">
                            <param name="id" value="5047" />
                            <param name="groupid" value="7547" />
                            <param name="label" value="$LOCALIZE[31054]" />
                            <param name="itemwidth" value="item_landscape_width" />
                            <param name="iconheight" value="item_icon_height" />
                            <param name="diffuse" value="diffuse/landscape-wall.png" />
                            <param name="labelinclude" value="View_Cast_Video_Label" />
                            <param name="icon" value="$VAR[Image_Landscape]" />
                            <onclick>SetFocus(50)</onclick>
                            <onclick>SetFocus(300)</onclick>
                            <onclick>Dialog.Close(all,force)</onclick>
                            <onclick>PlayMedia($INFO[Container(5047).ListItem.FileNameAndPath])</onclick>
                            <include>Defs_InfoList_OnBack</include>
                            <content limit="3" target="videos" sortby="playcount" sortorder="ascending" browse="never">videodb://inprogresstvshows/$INFO[ListItem.DBID]/-2/?tvshowid=$INFO[ListItem.DBID]</content>
                        </include>

                        <!-- Seasons -->
                        <include content="Info_Widget_Poster" condition="!Skin.HasSetting(DisableInfoListSeasons) + String.IsEqual(ListItem.DBType,tvshow)">
                            <param name="id" value="5008" />
                            <param name="groupid" value="7508" />
                            <param name="label" value="Seasons" />
                            <onclick>SetFocus(50)</onclick>
                            <onclick>SetFocus(300)</onclick>
                            <onclick>Dialog.Close(all,force)</onclick>
                            <onclick>ActivateWindow(videos,$INFO[Container(5008).ListItem.FolderPath])</onclick>
                            <include>Defs_InfoList_OnBack</include>
                            <content limit="25" target="videos">$INFO[ListItem.DBID,videodb://tvshows/titles/,/]</content>
                        </include>

                        <!-- Director -->
                        <include content="Info_Widget_Poster" condition="!Skin.HasSetting(DisableInfoListDirector)">
                            <param name="id" value="5004" />
                            <param name="groupid" value="7504" />
                            <param name="label" value="$LOCALIZE[31052]$VAR[Label_FromDirector, ,]" />
                            <param name="labelinclude" value="View_Cast_Label" />
                            <include>Defs_InfoList_OnClick</include>
                            <include>Defs_InfoList_OnBack</include>
                            <content limit="1">$VAR[Path_FromDirector,plugin://plugin.video.themoviedb.helper/?info=details&amp;tmdb_type=person&amp;nextpage=false&amp;cacheonly=true&amp;length=1]</content>
                            <content>$VAR[Path_FromDirector,plugin://plugin.video.themoviedb.helper/?info=crew_in_both&amp;tmdb_type=person&amp;filter_key=job&amp;filter_value=Director&amp;sort_by=premiered&amp;tmdb_id=,&amp;nextpage=false&amp;cacheonly=true&amp;length=1]</content>
                        </include>

                        <!-- Crew -->
                        <include content="Info_Widget_Poster" condition="!Skin.HasSetting(DisableExtendedInfo) + !Skin.HasSetting(DisableInfoListCrew)">
                            <param name="id" value="5011" />
                            <param name="groupid" value="7511" />
                            <param name="label" value="$LOCALIZE[30072]" />
                            <param name="labelinclude" value="View_Cast_Job_Label" />
                            <include>Defs_InfoList_OnClick</include>
                            <include>Defs_InfoList_OnBack</include>
                            <content target="videos">$VAR[Path_VideoInfo_OnlineCrew]</content>
                        </include>
                        
                        <!-- Extras -->
                        <include content="Info_Widget_Poster" condition="!Skin.HasSetting(DisableInfoListExtras)">
                            <param name="id" value="5048" />
                            <param name="groupid" value="7548" />
                            <param name="label" value="$LOCALIZE[31056]" />
                            <param name="itemwidth" value="item_landscape_width" />
                            <param name="iconheight" value="item_icon_height" />
                            <param name="diffuse" value="diffuse/landscape-wall.png" />
                            <param name="labelinclude" value="View_Cast_Video_Label" />
                            <param name="icon" value="$INFO[ListItem.Icon]" />
                            <onclick>SetFocus(50)</onclick>
                            <onclick>SetFocus(300)</onclick>
                            <onclick>Dialog.Close(all,force)</onclick>
                            <onclick>PlayMedia($INFO[Container(5048).ListItem.FileNameAndPath])</onclick>
                            <include>Defs_InfoList_OnBack</include>
                            <content limit="25" target="videos" sortby="file">$VAR[Defs_VideoInfo_Extras]</content>
                            <visible>String.IsEqual(ListItem.DBTYPE,movie) | String.IsEqual(ListItem.DBTYPE,tvshow) | String.IsEqual(ListItem.DBTYPE,season) | String.IsEqual(ListItem.DBTYPE,episode)</visible>
                        </include>

                        <!-- Recommended -->
                        <include content="Info_Widget_Poster" condition="!Skin.HasSetting(DisableExtendedInfo) + !Skin.HasSetting(DisableInfoListRecommended)">
                            <param name="id" value="5002" />
                            <param name="groupid" value="7502" />
                            <param name="label" value="$LOCALIZE[30042]" />
                            <include>Defs_InfoList_OnClick</include>
                            <include>Defs_InfoList_OnBack</include>
                            <content>$VAR[Path_VideoInfo_OnlineRecommendations]</content>
                        </include>

                        <!-- Similar -->
                        <include content="Info_Widget_Poster" condition="!Skin.HasSetting(DisableExtendedInfo) + !Skin.HasSetting(DisableInfoListSimilar)">
                            <param name="id" value="5003" />
                            <param name="groupid" value="7503" />
                            <param name="label" value="$INFO[ListItem.Title,$LOCALIZE[31051] ,]" />
                            <include>Defs_InfoList_OnClick</include>
                            <include>Defs_InfoList_OnBack</include>
                            <content>$VAR[Path_VideoInfo_OnlineSimilar]</content>
                        </include>

                        <!-- Year -->
                        <include content="Info_Widget_Poster" condition="!Skin.HasSetting(DisableExtendedInfo) + !Skin.HasSetting(DisableInfoListYear)">
                            <param name="id" value="5006" />
                            <param name="groupid" value="7506" />
                            <param name="label" value="$INFO[ListItem.Year,$LOCALIZE[31053] ,]" />
                            <include>Defs_InfoList_OnClick</include>
                            <include>Defs_InfoList_OnBack</include>
                            <content>$VAR[Path_VideoInfo_OnlineYear]</content>
                        </include>

                        <!-- Genre -->
                        <include content="Info_Widget_Poster" condition="!Skin.HasSetting(DisableExtendedInfo) + !Skin.HasSetting(DisableInfoListGenre)">
                            <param name="id" value="5007" />
                            <param name="groupid" value="7507" />
                            <param name="label" value="$INFO[ListItem.Genre]" />
                            <include>Defs_InfoList_OnClick</include>
                            <include>Defs_InfoList_OnBack</include>
                            <content>$VAR[Path_VideoInfo_OnlineGenre]</content>
                        </include>

                        <!-- Studio -->
                        <include content="Info_Widget_Poster" condition="!Skin.HasSetting(DisableExtendedInfo) + !Skin.HasSetting(DisableInfoListStudio)">
                            <param name="id" value="5005" />
                            <param name="groupid" value="7505" />
                            <param name="label" value="$VAR[Label_FromStudio]" />
                            <include>Defs_InfoList_OnClick</include>
                            <include>Defs_InfoList_OnBack</include>
                            <content>$VAR[Path_VideoInfo_OnlineStudio]</content>
                        </include>

                        <!-- Youtube -->
                        <include content="Info_Widget_Poster" condition="System.HasAddon(plugin.video.youtube) + !Skin.HasSetting(DisableExtendedInfo) + !Skin.HasSetting(DisableInfoListYouTube)">
                            <param name="id" value="5049" />
                            <param name="groupid" value="7549" />
                            <param name="label" value="$LOCALIZE[31141]" />
                            <param name="itemwidth" value="item_landscape_width" />
                            <param name="iconheight" value="item_icon_height" />
                            <param name="diffuse" value="diffuse/landscape-wall.png" />
                            <param name="labelinclude" value="View_Cast_Video_Label" />
                            <param name="icon" value="$INFO[ListItem.Icon]" />
                            <onclick>RunScript(plugin.video.themoviedb.helper,close_dialog=1190)</onclick>
                            <onclick>PlayMedia($INFO[Container(5049).ListItem.FileNameAndPath])</onclick>
                            <include>Defs_InfoList_OnBack</include>
                            <content limit="10" target="videos" sortby="file" condition="!String.IsEmpty(ListItem.TvShowTitle) + System.HasAddon(plugin.video.youtube)">$INFO[ListItem.TvShowTitle,plugin://plugin.video.youtube/search/?q=,]</content>
                            <content limit="10" target="videos" sortby="file" condition="!String.IsEmpty(ListItem.Artist) + System.HasAddon(plugin.video.youtube)">$INFO[ListItem.Artist,plugin://plugin.video.youtube/search/?q=,]</content>
                            <content limit="10" target="videos" sortby="file" condition="!String.IsEmpty(ListItem.Title) + System.HasAddon(plugin.video.youtube)">$INFO[ListItem.Title,plugin://plugin.video.youtube/search/?q=,]</content>
                            <content limit="10" target="videos" sortby="file" condition="System.HasAddon(plugin.video.youtube)">$INFO[ListItem.Label,plugin://plugin.video.youtube/search/?q=,]</content>
                            <visible>String.IsEqual(ListItem.DBTYPE,movie) | String.IsEqual(ListItem.DBTYPE,tvshow) | String.IsEqual(ListItem.DBTYPE,season) | String.IsEqual(ListItem.DBTYPE,episode)</visible>
                        </include>
                        
                        <!-- Posters -->
                        <include content="Info_Widget_Poster" condition="!Skin.HasSetting(DisableExtendedInfo) + !Skin.HasSetting(DisableInfoListPosters)">
                            <param name="id" value="5059" />
                            <param name="groupid" value="7559" />
                            <param name="label" value="$LOCALIZE[30043]" />
                            <onclick>SetFocus(9559)</onclick>
                            <include>Defs_InfoList_OnBack</include>
                            <visible>String.IsEqual(ListItem.DBTYPE,movie) | String.IsEqual(ListItem.DBTYPE,tvshow)</visible>
                            <content target="images">$VAR[Path_VideoInfo_OnlinePoster]</content>
                        </include>
                        
                    </control>
                </control>

                <include content="Info_Gallery" condition="!Skin.HasSetting(DisableInfoListFanarts)">
                    <param name="id" value="6000" />
                    <onleft>noop</onleft>
                    <onright>noop</onright>
                    <onback>SetFocus(50)</onback>
                    <onback>300</onback>
                    <onclick>SetFocus(9569)</onclick>
                    <!-- <include condition="String.IsEmpty(ListItem.Property(tmdb_id)) + [!String.IsEmpty(ListItem.Art(fanart1)) | !String.IsEmpty(ListItem.Art(discart))]">Items_Info_Gallery</include> -->
                    <content target="images">$VAR[Path_VideoInfo_OnlineFanart]</content>
                    <visible>Integer.IsGreater(Container(6000).NumItems,0) | Container(6000).IsUpdating</visible>
                </include>
                <control type="group"></control>
            </control>
        </control>

        <control type="group">
            <visible>ControlGroup(300).HasFocus()</visible>
            <!-- Codecs -->
            <include content="Object_Codecs">
                <param name="infohide" value="false" />
            </include>

            <!-- Languages -->
            <control type="group">
                <visible>!Control.HasFocus(8101)</visible>
                <include content="Object_Languages">
                    <param name="infohide" value="false" />
                </include>
            </control>

            <!-- File Path -->
            <include content="Object_Icon_Details">
                <param name="visible" value="Control.HasFocus(8101)" />
                <param name="icon" value="buttons/disk.png" />
                <param name="haspath" value="true" />
                <param name="label" value="$INFO[ListItem.FileNameAndPath]" />
            </include>
        </control>        

        <include content="Info_ImageViewer">
            <param name="listid" value="5059" />
            <param name="buttonid" value="9559" />
            <param name="art" value="Icon" />
        </include>
        <include content="Info_ImageViewer">
            <param name="listid" value="6000" />
            <param name="buttonid" value="9569" />
            <param name="art" value="Icon" />
        </include>
        <include>Object_PlotOverlay</include>
    </include>

    <include name="DialogPersonInfo">
        <include condition="Window.IsVisible(fullscreenvideo)">OSD_ExtendedInfo_Background</include>
        <!-- Person Info -->
        <control type="group">
            <top>view_top</top>
            <left>view_pad</left>
            <right>view_pad</right>
            <include content="Object_Info_Arrows">
                <param name="artworkid" value="750" />
            </include>
            <control type="grouplist" id="9000">
                <top>-15</top>
                <left>-15</left>
                <right>-15</right>
                <height>view_height</height>
                <orientation>vertical</orientation>
                <itemgap>0</itemgap>
                <control type="group" id="3000">
                    <height>view_height</height>
                    <control type="group">
                        <top>15</top>
                        <left>15</left>
                        <right>15</right>
                        <height>view_list_height</height>
                        <!-- Poster -->
                        <include content="View_50_Poster">
                            <param name="include" value="Animation_Left_Delay" />
                            <param name="defaulticonvisible" value="false" />
                            <param name="icon" value="$VAR[Image_Poster]" />
                            <param name="diffuse" value="diffuse/poster-big.png" />
                        </include>

                        <!-- Info -->
                        <control type="group" id="300">
                            <top>-15</top>
                            <left>580</left>
                            <include>Animation_Right_Delay</include>
                            <control type="grouplist">
                                <orientation>vertical</orientation>
                                <usecontrolcoords>true</usecontrolcoords>
                                <itemgap>0</itemgap>
                                <include content="Object_Info_Title">
                                    <param name="label" value="$INFO[ListItem.Label]" />
                                </include>
                                <include content="Object_Info_Line_Label">
                                    <param name="label" value="[CAPITALIZE]$INFO[ListItem.Property(Birthday),[COLOR=main_fg_100],[/COLOR]]$INFO[ListItem.Property(Born),  |  [COLOR=main_fg_100],[/COLOR]]$INFO[ListItem.Property(Age),  |  [COLOR=main_fg_100], $LOCALIZE[31356][/COLOR]]$INFO[ListItem.Property(Deathday),  |  [COLOR=main_fg_100]$LOCALIZE[21897] ,[/COLOR]][/CAPITALIZE]" />
                                    <param name="textcolor" value="$VAR[ColorHighlight]" />
                                    <param name="divider" value="false" />
                                </include>
                                <include content="Object_Info_Plot">
                                    <param name="label" value="$VAR[Label_DialogInfo_Biography]" />
                                    <param name="maxheight" value="600" />
                                    <param name="height" value="600" />
                                </include>
                            </control>
                            <control type="button" id="3100">
                                <onup>9601</onup>
                                <ondown>5001</ondown>
                                <onfocus>SetProperty(Header_Left_Text,Person)</onfocus>
                                <include>Defs_Hidden_Button</include>
                            </control>
                        </control>
                    </control>
                </control>
                <control type="group" id="4000">
                    <height>view_height</height>
                    <control type="grouplist" id="4100">
                        <top>-5</top>
    
                        <onup>3100</onup>
                        <ondown>6000</ondown>
                        <height>view_height</height>
                        <orientation>vertical</orientation>
                        <itemgap>-52</itemgap>
                        <usecontrolcoords>true</usecontrolcoords>
                        <control type="group" id="7599"><height>0</height></control>
                        <!-- List 01 -->
                        <include content="Info_Widget_Poster">
                            <param name="id" value="5001" />
                            <param name="groupid" value="7501" />
                            <param name="label" value="$LOCALIZE[20342]" />
                            <param name="labelinclude" value="View_Cast_Character_Label" />
                            <include>Defs_InfoList_OnClick</include>
                            <include>Defs_InfoList_OnBack</include>
                            <onclick condition="Window.IsActive(videoosd)">Dialog.Close(videoosd,true)</onclick>
                            <onclick condition="Window.IsActive(1142)">Dialog.Close(1142,true)</onclick>
                            <content>$INFO[ListItem.UniqueID(tmdb),plugin://plugin.video.themoviedb.helper/?info=stars_in_movies&amp;tmdb_type=person&amp;tmdb_id=,&amp;limit=250&amp;sort_by=premiered&amp;nextpage=false&amp;cacheonly=true&amp;length=1]</content>
                        </include>
                        <!-- List 02 -->
                        <include content="Info_Widget_Poster">
                            <param name="id" value="5002" />
                            <param name="groupid" value="7502" />
                            <param name="label" value="$LOCALIZE[20343]" />
                            <param name="labelinclude" value="View_Cast_Character_Label" />
                            <include>Defs_InfoList_OnClick</include>
                            <include>Defs_InfoList_OnBack</include>
                            <onclick condition="Window.IsActive(videoosd)">Dialog.Close(videoosd,true)</onclick>
                            <onclick condition="Window.IsActive(1142)">Dialog.Close(1142,true)</onclick>
                            <content>$INFO[ListItem.UniqueID(tmdb),plugin://plugin.video.themoviedb.helper/?info=stars_in_tvshows&amp;tmdb_type=person&amp;tmdb_id=,&amp;limit=250&amp;sort_by=premiered&amp;nextpage=false&amp;cacheonly=true&amp;length=1]</content>
                        </include>
                        <!-- List 03 -->
                        <include content="Info_Widget_Poster">
                            <param name="id" value="5003" />
                            <param name="groupid" value="7503" />
                            <param name="label" value="$LOCALIZE[30072]" />
                            <param name="labelinclude" value="View_Cast_Job_Label" />
                            <include>Defs_InfoList_OnClick</include>
                            <include>Defs_InfoList_OnBack</include>
                            <onclick condition="Window.IsActive(videoosd)">Dialog.Close(videoosd,true)</onclick>
                            <onclick condition="Window.IsActive(1142)">Dialog.Close(1142,true)</onclick>
                            <content>$INFO[ListItem.UniqueID(tmdb),plugin://plugin.video.themoviedb.helper/?info=crew_in_both&amp;tmdb_type=person&amp;tmdb_id=,&amp;limit=250&amp;sort_by=premiered&amp;nextpage=false&amp;cacheonly=true&amp;length=1]</content>
                        </include>
                        <!-- List 04 -->
                        <include content="Info_Widget_Poster">
                            <param name="id" value="5006" />
                            <param name="groupid" value="7506" />
                            <param name="label" value="Images" />
                            <onclick>SetFocus(9506)</onclick>
                            <include>Defs_InfoList_OnBack</include>
                            <content target="images" limit="20" browse="never">$INFO[ListItem.UniqueID(tmdb),plugin://plugin.video.themoviedb.helper/?info=images&amp;tmdb_type=person&amp;tmdb_id=,&amp;limit=100&amp;nextpage=false&amp;cacheonly=true&amp;length=1]</content>
                        </include>
                    </control>
                </control>
            </control>
        </control>

        <include content="Info_ImageViewer">
            <param name="listid" value="5006" />
            <param name="buttonid" value="9506" />
            <param name="art" value="Icon" />
        </include>
    </include>
</includes>
